<?xml version="1.0" encoding="UTF-8"?>
<root>
  <item name="com.qualcomm.qti.gaiaclient.core.bluetooth.discovery.ConnectedDevicesFetcher ConnectedDevicesFetcher(int, com.qualcomm.qti.gaiaclient.core.bluetooth.discovery.ConnectedDevicesFetcher.ConnectedDevicesFetcherListener) 0">
    <annotation name="androidx.annotation.IntDef">
      <val name="flag" val="true" />
      <val name="value" val="{android.bluetooth.BluetoothProfile.HEADSET, android.bluetooth.BluetoothProfile.A2DP}" />
    </annotation>
  </item>
  <item name="com.qualcomm.qti.gaiaclient.core.bluetooth.discovery.ConnectedDevicesFetcher profile">
    <annotation name="androidx.annotation.IntDef">
      <val name="flag" val="true" />
      <val name="value" val="{android.bluetooth.BluetoothProfile.HEADSET, android.bluetooth.BluetoothProfile.A2DP}" />
    </annotation>
  </item>
  <item name="com.qualcomm.qti.gaiaclient.core.bluetooth.discovery.ConnectedDevicesFetcher.Profile">
    <annotation name="androidx.annotation.IntDef">
      <val name="flag" val="true" />
      <val name="value" val="{android.bluetooth.BluetoothProfile.HEADSET, android.bluetooth.BluetoothProfile.A2DP}" />
    </annotation>
  </item>
</root>

