<?xml version="1.0" encoding="UTF-8"?>
<root>
  <item name="com.qualcomm.qti.gaiaclient.core.requests.qtil.GetConnectedDevicesRequest GetConnectedDevicesRequest(int, com.qualcomm.qti.gaiaclient.core.requests.core.RequestListener&lt;java.util.List&lt;com.qualcomm.qti.gaiaclient.core.bluetooth.data.DiscoveredDevice&gt;,java.lang.Void,com.qualcomm.qti.gaiaclient.core.bluetooth.data.BluetoothStatus&gt;) 0">
    <annotation name="androidx.annotation.IntDef">
      <val name="flag" val="true" />
      <val name="value" val="{android.bluetooth.BluetoothProfile.HEADSET, android.bluetooth.BluetoothProfile.A2DP}" />
    </annotation>
  </item>
  <item name="com.qualcomm.qti.gaiaclient.core.requests.qtil.GetConnectedDevicesRequest profile">
    <annotation name="androidx.annotation.IntDef">
      <val name="flag" val="true" />
      <val name="value" val="{android.bluetooth.BluetoothProfile.HEADSET, android.bluetooth.BluetoothProfile.A2DP}" />
    </annotation>
  </item>
</root>

